"","Uploaded_variation","Location","Allele","Consequence","IMPACT","SYMBOL","Gene","Feature_type","Feature","BIOTYPE","EXON","INTRON","HGVSc","HGVSp","cDNA_position","CDS_position","Protein_position","Amino_acids","Codons","Existing_variation","DISTANCE","STRAND","FLAGS","SYMBOL_SOURCE","HGNC_ID","MANE_SELECT","MANE_PLUS_CLINICAL","TSL","APPRIS","SIFT","PolyPhen","AF","CLIN_SIG","SOMATIC","PHENO","PUBMED","MOTIF_NAME","MOTIF_POS","HIGH_INF_POS","MOTIF_SCORE_CHANGE","TRANSCRIPTION_FACTORS","EVE_CLASS","EVE_SCORE","MaxEntScan_alt","MaxEntScan_diff","MaxEntScan_ref","AA","CADD_PHRED","CADD_RAW","SpliceAI_pred_DP_AG","SpliceAI_pred_DP_AL","SpliceAI_pred_DP_DG","SpliceAI_pred_DP_DL","SpliceAI_pred_DS_AG","SpliceAI_pred_DS_AL","SpliceAI_pred_DS_DG","SpliceAI_pred_DS_DL","SpliceAI_pred_SYMBOL","BLOSUM62","ada_score","rf_score"
"12258","1_16130270_A/G","1:16130270-16130270","C","missense_variant","MODERATE","EPHA2","ENSG00000142627","Transcript","ENST00000358432.8","protein_coding","15/17","-","-","-","2762","2625","875","I/M","atA/atG","-","-","-1","-","HGNC","HGNC:3386","NM_004431.5","-","1","P1","deleterious(0.03)","probably_damaging(0.998)","-","-","-","-","-","-","-","-","-","-","-","-","-","-","-","T","-","-","-","-","-","-","-","-","-","-","-","1","-","-"
"12447","1_16138085_A/G","1:16138085-16138085","C","missense_variant","MODERATE","EPHA2","ENSG00000142627","Transcript","ENST00000358432.8","protein_coding","5/17","-","-","-","1217","1080","360","I/M","atA/atG","-","-","-1","-","HGNC","HGNC:3386","NM_004431.5","-","1","P1","deleterious(0)","probably_damaging(0.909)","-","-","-","-","-","-","-","-","-","-","-","-","-","-","-","T","-","-","-","-","-","-","-","-","-","-","-","1","-","-"
"207956","11_16046637_A/G","11:16046637-16046637","C","missense_variant","MODERATE","SOX6","ENSG00000110693","Transcript","ENST00000683767.1","protein_coding","12/16","-","-","-","1957","1500","500","I/M","atA/atG","-","-","-1","-","HGNC","HGNC:16421","NM_001367873.1","-","-","A2","deleterious_low_confidence(0)","probably_damaging(0.944)","-","-","-","-","-","-","-","-","-","-","-","-","-","-","-","T","-","-","-","-","-","-","-","-","-","-","-","1","-","-"
"307616","12_109792427_A/G","12:109792427-109792427","C","missense_variant,splice_region_variant","MODERATE","TRPV4","ENSG00000111199","Transcript","ENST00000675670.1","protein_coding","12/16","-","-","-","2276","1827","609","I/M","atA/atG","-","-","-1","-","HGNC","HGNC:18083","-","-","-","P1","tolerated(0.28)","probably_damaging(0.99)","-","-","-","-","-","-","-","-","-","-","-","-","4.039","0.339","4.378","T","-","-","-","-","-","-","-","-","-","-","-","1","-","-"
"308660","12_109800733_A/G","12:109800733-109800733","C","missense_variant","MODERATE","TRPV4","ENSG00000111199","Transcript","ENST00000675670.1","protein_coding","5/16","-","-","-","1187","738","246","I/M","atA/atG","-","-","-1","-","HGNC","HGNC:18083","-","-","-","P1","deleterious(0)","probably_damaging(0.997)","-","-","-","-","-","-","-","-","-","-","-","-","-","-","-","T","-","-","-","-","-","-","-","-","-","-","-","1","-","-"
"448346","21_41741371_A/G","21:41741371-41741371","C","missense_variant","MODERATE","RIPK4","ENSG00000183421","Transcript","ENST00000352483.3","protein_coding","9/9","-","-","-","2014","1966","656","M/V","Atg/Gtg","-","-","-1","-","HGNC","HGNC:496","-","-","5","-","deleterious(0)","probably_damaging(0.999)","-","-","-","-","-","-","-","-","-","-","-","-","-","-","-","T","-","-","-","-","-","-","-","-","-","-","-","1","-","-"
"448352","21_41741623_A/G","21:41741623-41741623","C","missense_variant","MODERATE","RIPK4","ENSG00000183421","Transcript","ENST00000352483.3","protein_coding","9/9","-","-","-","1762","1714","572","M/V","Atg/Gtg","-","-","-1","-","HGNC","HGNC:496","-","-","5","-","deleterious(0.01)","probably_damaging(0.975)","-","-","-","-","-","-","-","-","-","-","-","-","-","-","-","T","-","-","-","-","-","-","-","-","-","-","-","1","-","-"
"448361","21_41741770_A/G","21:41741770-41741770","C","missense_variant","MODERATE","RIPK4","ENSG00000183421","Transcript","ENST00000352483.3","protein_coding","9/9","-","-","-","1615","1567","523","M/V","Atg/Gtg","-","-","-1","-","HGNC","HGNC:496","-","-","5","-","deleterious(0)","probably_damaging(0.989)","-","-","-","-","-","-","-","-","-","-","-","-","-","-","-","T","-","-","-","-","-","-","-","-","-","-","-","1","-","-"
"533788","3_55479519_A/G","3:55479519-55479519","C","missense_variant","MODERATE","WNT5A","ENSG00000114251","Transcript","ENST00000474267.5","protein_coding","4/6","-","-","-","708","186","62","I/M","atA/atG","COSV99224761","-","-1","-","HGNC","HGNC:12784","-","-","5","P1","tolerated(0.1)","probably_damaging(0.942)","-","-","1","1","-","-","-","-","-","-","-","-","-","-","-","T","-","-","-","-","-","-","-","-","-","-","-","1","-","-"
"623277","6_26234654_G/A","6:26234654-26234654","T","missense_variant","MODERATE","H1-3","ENSG00000124575","Transcript","ENST00000244534.7","protein_coding","1/1","-","-","-","334","280","94","V/M","Gtg/Atg","-","-","-1","-","HGNC","HGNC:4717","NM_005320.3","-","-","P1","deleterious(0.01)","probably_damaging(0.999)","-","-","-","-","-","-","-","-","-","-","-","-","-","-","-","C","-","-","-","-","-","-","-","-","-","-","-","1","-","-"
"1856","1_11794464_T/C","1:11794464-11794464","G","missense_variant","MODERATE","MTHFR","ENSG00000177000","Transcript","ENST00000376585.6","protein_coding","9/13","-","-","-","2416","1364","455","M/T","aTg/aCg","-","-","-1","-","HGNC","HGNC:7436","-","-","5","P4","deleterious(0.02)","benign(0.14)","-","-","-","-","-","-","-","-","-","-","-","-","-","-","-","A","-","-","-","-","-","-","-","-","-","-","-","-1","-","-"
"12392","1_16134520_C/A","1:16134520-16134520","T","missense_variant","MODERATE","EPHA2","ENSG00000142627","Transcript","ENST00000358432.8","protein_coding","8/17","-","-","-","1767","1630","544","R/S","Cgt/Agt","COSV64452302","-","-1","-","HGNC","HGNC:3386","NM_004431.5","-","1","P1","deleterious(0.03)","benign(0.1)","-","-","1","1","-","-","-","-","-","-","-","-","-","-","-","G","-","-","-","-","-","-","-","-","-","-","-","-1","-","-"
"39178","1_58681999_T/C","1:58681999-58681999","G","missense_variant","MODERATE","MYSM1","ENSG00000162601","Transcript","ENST00000655340.1","protein_coding","8/21","-","-","-","1065","1045","349","Y/H","Tat/Cat","-","-","-1","-","HGNC","HGNC:29401","-","-","-","A2","deleterious(0.02)","benign(0)","-","-","-","-","-","-","-","-","-","-","-","-","-","-","-","A","-","-","-","-","-","-","-","-","-","-","-","2","-","-"
"39195","1_58682117_A/G","1:58682117-58682117","C","missense_variant","MODERATE","MYSM1","ENSG00000162601","Transcript","ENST00000655340.1","protein_coding","8/21","-","-","-","947","927","309","I/M","atA/atG","-","-","-1","-","HGNC","HGNC:29401","-","-","-","A2","deleterious(0.04)","benign(0.003)","-","-","-","-","-","-","-","-","-","-","-","-","-","-","-","T","-","-","-","-","-","-","-","-","-","-","-","1","-","-"
"39229","1_58682134_C/T","1:58682134-58682134","A","missense_variant","MODERATE","MYSM1","ENSG00000162601","Transcript","ENST00000655340.1","protein_coding","8/21","-","-","-","930","910","304","R/C","Cgt/Tgt","-","-","-1","-","HGNC","HGNC:29401","-","-","-","A2","deleterious(0.05)","possibly_damaging(0.556)","-","-","-","-","-","-","-","-","-","-","-","-","-","-","-","G","-","-","-","-","-","-","-","-","-","-","-","-3","-","-"
"47517","1_65572424_T/C","1:65572424-65572424","C","missense_variant","MODERATE","LEPR","ENSG00000116678","Transcript","ENST00000349533.11","protein_coding","5/20","-","-","-","638","469","157","Y/H","Tat/Cat","-","-","1","-","HGNC","HGNC:6554","NM_002303.6","-","1","P4","deleterious(0.03)","benign(0)","-","-","-","-","-","-","-","-","-","-","Benign","0.12495185602171273","-","-","-","T","12.55","1.078208","-21","25","25","-35","0.00","0.00","0.00","0.00","LEPR","2","-","-"
"48685","1_65601878_T/C","1:65601878-65601878","C","missense_variant","MODERATE","LEPR","ENSG00000116678","Transcript","ENST00000349533.11","protein_coding","10/20","-","-","-","1490","1321","441","Y/H","Tac/Cac","-","-","1","-","HGNC","HGNC:6554","NM_002303.6","-","1","P4","deleterious(0.05)","benign(0.009)","-","-","-","-","-","-","-","-","-","-","Uncertain","0.4431520215882885","-","-","-","T","6.688","0.517674","-35","23","-35","-2","0.00","0.00","0.00","0.00","LEPR","2","-","-"
"71788","1_176690182_C/T","1:176690182-176690182","T","missense_variant","MODERATE","PAPPA2","ENSG00000116183","Transcript","ENST00000367662.5","protein_coding","5/23","-","-","-","3343","2183","728","T/I","aCc/aTc","rs759779380","-","1","-","HGNC","HGNC:14615","NM_020318.3","-","1","P1","deleterious(0.03)","benign(0.062)","-","-","-","-","-","-","-","-","-","-","-","-","-","-","-","C","12.76","1.099038","-45","-48","19","-24","0.00","0.00","0.00","0.00","PAPPA2","-1","-","-"
"278349","12_4370752_T/C","12:4370752-4370752","G","missense_variant","MODERATE","FGF23","ENSG00000118972","Transcript","ENST00000237837.2","protein_coding","3/3","-","-","-","477","347","116","L/P","cTa/cCa","-","-","-1","-","HGNC","HGNC:3680","NM_020638.3","-","1","P1","deleterious(0.02)","benign(0.419)","-","-","-","-","-","-","-","-","-","-","-","-","-","-","-","A","-","-","-","-","-","-","-","-","-","-","-","-3","-","-"
"425335","2_187467906_T/C","2:187467906-187467906","G","missense_variant","MODERATE","TFPI","ENSG00000003436","Transcript","ENST00000233156.9","protein_coding","7/8","-","-","-","893","655","219","S/P","Tct/Cct","-","-","-1","-","HGNC","HGNC:11760","NM_006287.6","-","1","P1","deleterious(0.01)","benign(0.007)","-","-","-","-","-","-","-","-","-","-","-","-","-","-","-","A","-","-","-","-","-","-","-","-","-","-","-","-1","-","-"
"443222","2_226795450_G/T","2:226795450-226795450","A","missense_variant","MODERATE","IRS1","ENSG00000169047","Transcript","ENST00000305123.6","protein_coding","1/2","-","-","-","4371","3289","1097","G/W","Ggg/Tgg","COSV59336585","-","-1","-","HGNC","HGNC:6125","NM_005544.3","-","1","P1","deleterious(0)","-","-","-","1","1","-","-","-","-","-","-","-","-","-","-","-","C","-","-","-","-","-","-","-","-","-","-","-","-2","-","-"
"448368","21_41741884_T/C","21:41741884-41741884","G","missense_variant","MODERATE","RIPK4","ENSG00000183421","Transcript","ENST00000352483.3","protein_coding","9/9","-","-","-","1501","1453","485","C/R","Tgc/Cgc","-","-","-1","-","HGNC","HGNC:496","-","-","5","-","deleterious(0.03)","benign(0.125)","-","-","-","-","-","-","-","-","-","-","-","-","-","-","-","A","-","-","-","-","-","-","-","-","-","-","-","-3","-","-"
"448605","21_41746117_A/G","21:41746117-41746117","C","missense_variant","MODERATE","RIPK4","ENSG00000183421","Transcript","ENST00000352483.3","protein_coding","6/9","-","-","-","935","887","296","E/G","gAg/gGg","-","-","-1","-","HGNC","HGNC:496","-","-","5","-","deleterious(0)","benign(0)","-","-","-","-","-","-","-","-","-","-","-","-","-","-","-","T","-","-","-","-","-","-","-","-","-","-","-","-2","-","-"
"452113","21_43066296_T/G","21:43066296-43066296","C","missense_variant","MODERATE","CBS","ENSG00000160200","Transcript","ENST00000359624.7","protein_coding","5/18","-","-","-","620","398","133","V/G","gTc/gGc","-","-","-1","-","HGNC","HGNC:1550","-","-","1","P1","deleterious(0.04)","benign(0.136)","-","-","-","-","-","-","-","-","-","-","-","-","-","-","-","A","-","-","-","-","-","-","-","-","-","-","-","-3","-","-"
"619905","6_26056005_C/T","6:26056005-26056005","A","missense_variant","MODERATE","H1-2","ENSG00000187837","Transcript","ENST00000343677.4","protein_coding","1/1","-","-","-","466","424","142","P/S","Cct/Tct","COSV100642320","-","-1","-","HGNC","HGNC:4716","NM_005319.4","-","-","P1","deleterious(0.05)","unknown(0)","-","-","1","1","-","-","-","-","-","-","-","-","-","-","-","G","-","-","-","-","-","-","-","-","-","-","-","-1","-","-"
"619910","6_26056053_T/C","6:26056053-26056053","G","missense_variant","MODERATE","H1-2","ENSG00000187837","Transcript","ENST00000343677.4","protein_coding","1/1","-","-","-","418","376","126","S/P","Tcc/Ccc","COSV59192413","-","-1","-","HGNC","HGNC:4716","NM_005319.4","-","-","P1","deleterious(0.04)","unknown(0)","-","-","1","1","-","-","-","-","-","-","-","-","-","-","-","A","-","-","-","-","-","-","-","-","-","-","-","-1","-","-"
"659495","6_160058104_G/A","6:160058104-160058104","A","missense_variant,NMD_transcript_variant","MODERATE","IGF2R","ENSG00000197081","Transcript","ENST00000677704.1","nonsense_mediated_decay","21/49","-","-","-","3043","2878","960","G/S","Ggc/Agc","-","-","1","-","HGNC","HGNC:5467","-","-","-","-","deleterious(0.02)","benign(0.013)","-","-","-","-","-","-","-","-","-","-","-","-","-","-","-","G","14.05","1.254369","47","-22","-24","20","0.00","0.00","0.00","0.01","IGF2R","0","-","-"
"659699","6_160061761_G/A","6:160061761-160061761","A","missense_variant,NMD_transcript_variant","MODERATE","IGF2R","ENSG00000197081","Transcript","ENST00000677704.1","nonsense_mediated_decay","25/49","-","-","-","3580","3415","1139","V/M","Gtg/Atg","rs1451408948","-","1","-","HGNC","HGNC:5467","-","-","-","-","deleterious(0.03)","benign(0.039)","-","-","-","-","-","-","-","-","-","-","-","-","-","-","-","G","1.638","0.044327","-4","1","16","42","0.03","0.00","0.00","0.00","IGF2R","1","-","-"
"689201","7_20785736_T/G","7:20785736-20785736","C","missense_variant","MODERATE","SP8","ENSG00000164651","Transcript","ENST00000361443.4","protein_coding","3/3","-","-","-","265","27","9","I/M","atT/atG","-","-","-1","-","HGNC","HGNC:19196","-","-","1","-","deleterious(0)","possibly_damaging(0.74)","-","-","-","-","-","-","-","-","-","-","-","-","-","-","-","A","-","-","-","-","-","-","-","-","-","-","-","1","-","-"
"690968","7_27199273_A/G","7:27199273-27199273","C","missense_variant","MODERATE","HOXA13","ENSG00000106031","Transcript","ENST00000649031.1","protein_coding","1/2","-","-","-","819","805","269","M/V","Atg/Gtg","-","-","-1","-","HGNC","HGNC:5102","NM_000522.5","-","-","P1","deleterious(0.03)","benign(0.429)","-","-","-","-","-","-","-","-","-","-","-","-","-","-","-","T","-","-","-","-","-","-","-","-","-","-","-","1","-","-"
"745926","7_65982092_T/C","7:65982092-65982092","G","missense_variant","MODERATE","GUSB","ENSG00000169919","Transcript","ENST00000304895.9","protein_coding","1/12","-","-","-","122","92","31","L/P","cTg/cCg","-","-","-1","-","HGNC","HGNC:4696","NM_000181.4","-","1","P1","deleterious(0)","possibly_damaging(0.453)","-","-","-","-","-","-","-","-","-","-","-","-","-","-","-","A","-","-","-","-","-","-","-","-","-","-","-","-3","-","-"
"769027","7_92123822_C/T","7:92123822-92123822","A","missense_variant","MODERATE","CYP51A1","ENSG00000001630","Transcript","ENST00000003100.13","protein_coding","6/10","-","-","-","915","802","268","H/Y","Cat/Tat","-","-","-1","-","HGNC","HGNC:2649","NM_000786.4","-","1","P1","deleterious(0.01)","benign(0.121)","-","-","-","-","-","-","-","-","-","-","-","-","-","-","-","G","-","-","-","-","-","-","-","-","-","-","-","2","-","-"
"828384","9_91733150_A/G","9:91733150-91733150","C","missense_variant","MODERATE","ROR2","ENSG00000169071","Transcript","ENST00000375715.5","protein_coding","6/13","-","-","-","1086","489","163","I/M","atA/atG","-","-","-1","-","HGNC","HGNC:10257","-","-","1","-","deleterious(0.02)","possibly_damaging(0.551)","-","-","-","-","-","-","-","-","-","-","-","-","-","-","-","T","-","-","-","-","-","-","-","-","-","-","-","1","-","-"
